<?xml version="1.0" encoding="UTF-8"?>
<project-private xmlns="http://www.netbeans.org/ns/project-private/1">
    <editor-bookmarks xmlns="http://www.netbeans.org/ns/editor-bookmarks/2" lastBookmarkId="0"/>
    <open-files xmlns="http://www.netbeans.org/ns/projectui-open-files/2">
        <group>
            <file>file:/C:/Users/nicho/Downloads/BlackJackGUI/src/BlackJackGUI/model/DBManager.java</file>
            <file>file:/C:/Users/nicho/Downloads/BlackJackGUI/src/BlackJackGUI/controller/GameControl.java</file>
            <file>file:/C:/Users/nicho/Downloads/BlackJackGUI/src/BlackJackGUI/view/GamePanel.java</file>
            <file>file:/C:/Users/nicho/Downloads/BlackJackGUI/src/BlackJackGUI/view/BlackJackGUI.java</file>
            <file>file:/C:/Users/nicho/Downloads/BlackJackGUI/src/BlackJackGUI/model/BlackJack.java</file>
            <file>file:/C:/Users/nicho/Downloads/BlackJackGUI/src/BlackJackGUI/model/Card.java</file>
            <file>file:/C:/Users/nicho/Downloads/BlackJackGUI/src/BlackJackGUI/model/Deck.java</file>
            <file>file:/C:/Users/nicho/Downloads/BlackJackGUI/src/BlackJackGUI/model/Stats.java</file>
            <file>file:/C:/Users/nicho/Downloads/BlackJackGUI/src/BlackJackGUI/model/User.java</file>
            <file>file:/C:/Users/nicho/Downloads/BlackJackGUI/src/BlackJackGUI/view/LoginPanel.java</file>
            <file>file:/C:/Users/nicho/Downloads/BlackJackGUI/src/BlackJackGUI/view/MainPanel.java</file>
            <file>file:/C:/Users/nicho/Downloads/BlackJackGUI/src/BlackJackGUI/view/RegisterPanel.java</file>
            <file>file:/C:/Users/nicho/Downloads/BlackJackGUI/src/BlackJackGUI/view/SelectionPanel.java</file>
            <file>file:/C:/Users/nicho/Downloads/BlackJackGUI/src/BlackJackGUI/view/StatsPanel.java</file>
            <file>file:/C:/Users/nicho/Downloads/BlackJackGUI/test/BlackJackGUI/controller/GameControlTest.java</file>
            <file>file:/C:/Users/nicho/Downloads/BlackJackGUI/test/BlackJackGUI/model/BlackJackTest.java</file>
            <file>file:/C:/Users/nicho/Downloads/BlackJackGUI/test/BlackJackGUI/model/CardTest.java</file>
            <file>file:/C:/Users/nicho/Downloads/BlackJackGUI/test/BlackJackGUI/model/DBManagerTest.java</file>
            <file>file:/C:/Users/nicho/Downloads/BlackJackGUI/test/BlackJackGUI/model/DeckTest.java</file>
            <file>file:/C:/Users/nicho/Downloads/BlackJackGUI/test/BlackJackGUI/model/Stats.java</file>
            <file>file:/C:/Users/nicho/Downloads/BlackJackGUI/test/BlackJackGUI/model/StatsTest.java</file>
        </group>
    </open-files>
</project-private>
